mutation,Affinity,dAffinity,Stability,dStability
4:I332I,-77.45049405,0,-519.4963139,0
4:I332R,-76.57119686,0.879297187,-518.8591811,0.637132865
4:I332N,-77.45692525,-0.006431204,-517.5476121,1.948701829
4:I332L,-77.44914743,0.001346621,-518.8851057,0.611208286
4:I332K,-76.69001485,0.760479203,-517.3995351,2.096778889
4:I332M,-77.37960538,0.070888668,-517.821948,1.674365924
4:I332F,-77.28840359,0.162090461,-518.6040164,0.892297554
4:I332S,-77.73008341,-0.279589365,-517.3752179,2.121096071
4:I332T,-77.54359303,-0.093098982,-517.3259521,2.170361832
4:I332V,-77.53657365,-0.086079597,-518.2496564,1.246657546
4:N334N,-81.39855289,0,-492.088203,0
4:N334D,-80.23752972,1.161023175,-491.6067791,0.481423885
4:N334H,-83.91535244,-2.516799546,-491.4569525,0.631250518
4:N334I,-82.21907019,-0.820517294,-492.2724793,-0.184276364
4:N334K,-83.84815027,-2.449597374,-491.0705252,1.01767774
4:N334S,-81.09472589,0.303827004,-491.2927209,0.795482075
4:N334T,-81.42492108,-0.026368184,-491.4785806,0.609622334
4:N334Y,-83.5109363,-2.112383403,-492.0934322,-0.005229202
4:L335L,-82.79608266,0,-492.0574267,0
4:L335R,-86.77164005,-3.975557395,-491.8246685,0.232758242
4:L335Q,-84.63431805,-1.838235392,-490.6891355,1.368291239
4:L335H,-83.31783638,-0.521753716,-490.3003277,1.75709901
4:L335I,-83.14884351,-0.352760851,-491.7789743,0.278452386
4:L335M,-82.56442107,0.231661588,-491.1592707,0.898155999
4:L335F,-82.29813306,0.4979496,-491.1397363,0.917690417
4:L335P,-84.21204875,-1.415966085,-490.7752502,1.282176543
4:L335S,-83.78241615,-0.986333489,-490.133489,1.923937728
4:L335W,-84.56080898,-1.764726319,-491.1508664,0.906560349
4:L335V,-82.92166324,-0.125580575,-491.4262006,0.631226109
4:C336C,-81.31369267,0,-877.9223965,0
4:C336R,-81.78651948,-0.472826809,-873.7512666,4.171129885
4:C336G,-80.98097572,0.332716947,-872.1042777,5.818118757
4:C336F,-81.59482863,-0.281135962,-873.4410102,4.481386294
4:C336S,-80.8735697,0.440122964,-872.9149378,5.007458639
4:C336W,-81.85927734,-0.545584669,-874.1844937,3.737902792
4:C336Y,-81.60112896,-0.287436292,-873.4687445,4.453651941
4:P337P,-78.2005583,0,-490.5677586,0
4:P337A,-77.62670359,0.573854711,-489.9313744,0.636384121
4:P337R,-80.03954611,-1.838987817,-490.7141789,-0.146420319
4:P337Q,-83.37237341,-5.171815111,-490.4973778,0.070380725
4:P337H,-78.44449396,-0.243935665,-490.1181492,0.449609379
4:P337L,-77.83028031,0.370277986,-490.5564999,0.011258714
4:P337S,-82.07476768,-3.874209383,-490.0267623,0.540996275
4:P337T,-80.43008294,-2.229524642,-490.1075006,0.460257974
4:F338F,-80.22143651,0,-518.8429493,0
4:F338C,-80.22544164,-0.004005129,-516.1737414,2.669207856
4:F338I,-80.66450147,-0.443064954,-517.6742823,1.168666931
4:F338L,-80.17088198,0.050554537,-517.8588659,0.984083401
4:F338S,-79.92000528,0.30143123,-515.5433696,3.299579673
4:F338Y,-80.25674996,-0.035313448,-518.0804176,0.762531632
4:F338V,-80.44784629,-0.22640978,-517.1514952,1.691454052
4:D339D,-81.93039302,0,-485.9814015,0
4:D339A,-80.87565783,1.054735188,-484.8600128,1.121388705
4:D339N,-83.26771522,-1.337322207,-485.2192821,0.762119409
4:D339E,-82.30362207,-0.373229051,-485.4346199,0.546781558
4:D339G,-79.06036477,2.870028247,-484.328119,1.653282492
4:D339H,-82.49247986,-0.562086844,-485.6229504,0.358451058
4:D339Y,-88.09313762,-6.162744599,-486.9457916,-0.964390186
4:D339V,-81.42863297,0.501760043,-486.1618339,-0.180432433
4:E340E,-80.07204537,0,-485.8838055,0
4:E340A,-74.84007048,5.23197489,-484.4144717,1.469333807
4:E340D,-80.55954151,-0.48749614,-484.2347005,1.649105021
4:E340Q,-84.28006969,-4.208024315,-485.2738321,0.609973404
4:E340G,-74.35243441,5.719610961,-483.4727931,2.411012394
4:E340K,-81.89397503,-1.821929658,-485.5973288,0.286476728
4:E340V,-75.03748168,5.034563695,-485.2578367,0.625968783
4:V341V,-80.7513586,0,-878.6405028,0
4:V341A,-79.48307303,1.26828557,-876.6799696,1.960533189
4:V341D,-82.12570981,-1.374351208,-875.9354486,2.705054167
4:V341E,-81.98380879,-1.232450189,-876.7198686,1.920634179
4:V341G,-79.71148904,1.039869565,-875.8278831,2.812619629
4:V341I,-81.30647418,-0.555115575,-878.5222498,0.118252978
4:V341L,-81.48542782,-0.734069212,-878.3775981,0.262904619
4:V341M,-82.7598823,-2.0085237,-877.5747159,1.065786829
4:V341F,-80.38810974,0.363248862,-877.6854836,0.955019179
4:F342F,-79.66489534,0,-519.7068425,0
4:F342C,-79.03848947,0.626405869,-516.9835769,2.723265575
4:F342I,-80.80925566,-1.144360317,-517.9379371,1.768905368
4:F342L,-81.02356092,-1.358665579,-518.5962464,1.11059611
4:F342S,-79.30973868,0.355156659,-516.7396196,2.967222865
4:F342Y,-79.92244858,-0.257553238,-518.7356752,0.971167338
4:F342V,-80.40883255,-0.743937209,-517.355317,2.351525505
4:A344A,-78.04739436,0,-877.8663475,0
4:A344D,-79.33965264,-1.292258273,-877.0771072,0.789240322
4:A344E,-80.45245905,-2.405064686,-877.1822978,0.684049664
4:A344G,-77.59109523,0.456299136,-876.1664154,1.699932083
4:A344P,-79.89713003,-1.849735668,-877.7320078,0.134339711
4:A344S,-78.05572526,-0.008330892,-877.099055,0.767292509
4:A344T,-79.0737972,-1.02640284,-877.5474973,0.3188502
4:A344V,-79.29349493,-1.246100568,-878.124775,-0.258427478
4:T345T,-81.1160373,0,-1111.086975,0
4:T345A,-76.31826623,4.797771073,-1109.875039,1.211936467
4:T345R,-79.64071885,1.475318452,-1110.367611,0.719364154
4:T345N,-79.37659167,1.739445629,-1109.389579,1.697395789
4:T345I,-81.23729354,-0.121256238,-1111.184654,-0.097679434
4:T345K,-83.53679218,-2.420754882,-1108.879895,2.207080459
4:T345M,-77.37735716,3.738680138,-1110.266622,0.820352876
4:T345P,-75.38698099,5.729056304,-1109.446435,1.640539557
4:T345S,-79.52235306,1.593684239,-1109.817604,1.269371125
4:R346R,-81.2024569,0,-1099.187969,0
4:R346N,-79.10239671,2.100060187,-1097.39699,1.790979325
4:R346C,-79.36312702,1.839329874,-1097.615953,1.572015573
4:R346Q,-79.09781562,2.104641278,-1097.877208,1.310761016
4:R346G,-78.34879826,2.853658632,-1097.684782,1.503187452
4:R346H,-78.54152926,2.66092764,-1097.209119,1.978850439
4:R346I,-78.71777288,2.484684021,-1098.385683,0.802286053
4:R346L,-78.90543868,2.29701822,-1098.327311,0.860657564
4:R346K,-78.54375538,2.658701516,-1097.741287,1.446681588
4:R346M,-78.49558863,2.706868269,-1098.034699,1.15326989
4:R346P,-77.64736781,3.555089088,-1097.526184,1.66178508
4:R346S,-78.51862913,2.683827764,-1097.440926,1.747043218
4:R346T,-79.2228496,1.979607294,-1097.808285,1.379684342
4:R346W,-79.24120168,1.961255221,-1098.943132,0.244836763
4:F347F,-76.21948666,0,-518.4048146,0
4:F347C,-76.20711282,0.012373846,-515.7398513,2.66496328
4:F347I,-76.30863242,-0.08914576,-517.3168608,1.08795372
4:F347L,-76.30132063,-0.081833966,-517.1151451,1.289669432
4:F347S,-76.31089005,-0.091403386,-515.3856728,3.019141783
4:F347Y,-76.30743985,-0.087953192,-517.7975441,0.607270472
4:F347V,-76.97865775,-0.759171088,-516.2607628,2.144051771
4:A348A,-74.55911642,0,-515.5348983,0
4:A348D,-73.6476444,0.911472026,-514.8629454,0.671952893
4:A348E,-73.59323225,0.96588417,-513.9294945,1.605403781
4:A348G,-74.48806514,0.071051279,-513.6327867,1.902111544
4:A348P,-73.58898404,0.970132387,-515.2970405,0.237857758
4:A348S,-73.57234176,0.986774664,-514.6582477,0.876650556
4:A348T,-73.59248847,0.966627956,-514.6296591,0.905239164
4:A348V,-73.59742301,0.961693418,-515.5013634,0.033534874
4:S349S,-77.22410437,0,-522.8571901,0
4:S349A,-77.2231752,0.000929166,-522.4168446,0.440345527
4:S349C,-77.22347987,0.000624496,-522.1328331,0.724356978
4:S349L,-77.22495154,-0.00084717,-522.5590937,0.298096376
4:S349F,-77.22297624,0.001128135,-521.970586,0.886604136
4:S349P,-77.22340771,0.000696656,-522.127802,0.729388062
4:S349T,-77.22538487,-0.001280499,-522.1626485,0.694541555
4:S349W,-77.2242924,-0.000188028,-522.1258334,0.731356661
4:S349Y,-77.22252778,0.00157659,-521.9423898,0.914800298
4:V350V,-77.22484784,0,-516.5423887,0
4:V350A,-77.22483322,1.46E-05,-514.9193028,1.62308589
4:V350D,-77.22484431,3.52E-06,-513.7384513,2.80393743
4:V350E,-77.22485782,-9.98E-06,-513.8573668,2.685021906
4:V350G,-77.22483082,1.70E-05,-513.8328918,2.709496906
4:V350I,-77.22485737,-9.54E-06,-515.3065336,1.2358551
4:V350L,-77.22486882,-2.10E-05,-514.9186011,1.623787596
4:V350M,-77.22484611,1.72E-06,-515.4450368,1.097351874
4:V350F,-77.22488031,-3.25E-05,-513.9519702,2.590418543
4:Y351Y,-77.22490672,0,-515.6874935,0
4:Y351N,-77.22489956,7.16E-06,-513.7067661,1.980727373
4:Y351D,-77.22489428,1.24E-05,-513.789973,1.897520546
4:Y351C,-77.22489389,1.28E-05,-513.7203239,1.967169632
4:Y351H,-77.22490255,4.17E-06,-514.1229213,1.564572204
4:Y351F,-77.22490224,4.48E-06,-515.26431,0.423183469
4:Y351S,-77.22489237,1.44E-05,-513.341402,2.346091536
4:A352A,-77.24215174,0,-514.9539937,0
4:A352D,-77.23606407,0.006087677,-513.7970699,1.156923824
4:A352E,-77.23652625,0.005625496,-513.8566479,1.097345803
4:A352G,-77.24299369,-0.000841946,-513.7782775,1.175716197
4:A352P,-77.24191591,0.000235832,-514.2422078,0.711785892
4:A352S,-77.24242802,-0.000276276,-514.1805379,0.773455869
4:A352T,-77.23896401,0.00318773,-514.386509,0.56748472
4:A352V,-77.23883391,0.003317835,-514.2834346,0.670559127
4:W353W,-77.23854397,0,-519.8744145,0
4:W353R,-77.23779366,0.000750307,-517.9605693,1.913845205
4:W353C,-77.24225856,-0.003714592,-516.8006134,3.073801101
4:W353G,-77.23299624,0.005547726,-515.85962,4.014794588
4:W353L,-77.24835672,-0.009812751,-518.251049,1.623365588
4:W353S,-77.2381518,0.000392167,-516.5129388,3.361475718
4:N354N,-77.29846347,0,-507.0953761,0
4:N354D,-77.00550659,0.292956883,-506.7110569,0.384319168
4:N354H,-77.98774871,-0.689285238,-506.478361,0.617015059
4:N354I,-78.40433725,-1.105873774,-507.3760417,-0.28066563
4:N354K,-78.40672381,-1.10826034,-505.6742684,1.421107681
4:N354S,-78.63957359,-1.341110119,-506.4547046,0.640671524
4:N354T,-78.44946331,-1.150999834,-506.7964488,0.298927327
4:N354Y,-78.63361422,-1.335150748,-506.9113618,0.184014279
4:R355R,-76.69217931,0,-501.7258281,0
4:R355N,-76.78503015,-0.092850838,-500.0282926,1.697535503
4:R355C,-77.55624425,-0.864064935,-500.2287425,1.497085577
4:R355Q,-76.82401825,-0.131838933,-499.7184325,2.00739566
4:R355G,-77.18786165,-0.495682339,-499.5119625,2.213865659
4:R355H,-76.73931915,-0.047139835,-499.2598176,2.466010561
4:R355I,-76.72725675,-0.035077436,-500.7562221,0.969605975
4:R355L,-76.95909419,-0.266914877,-501.150595,0.575233136
4:R355K,-76.61834783,0.073831482,-499.8947923,1.83103578
4:R355M,-76.72416936,-0.031990047,-500.0371046,1.688723513
4:R355P,-76.72635215,-0.034172832,-499.7170969,2.008731248
4:R355S,-76.70480953,-0.01263022,-500.0931973,1.632630803
4:R355T,-76.90632645,-0.21414714,-500.0167225,1.709105574
4:R355W,-76.86440014,-0.172220831,-499.775845,1.949983135
4:K356K,-79.02686729,0,-875.316518,0
4:K356R,-79.95435984,-0.927492551,-875.6661851,-0.349667085
4:K356N,-80.00769742,-0.980830128,-874.5747884,0.741729613
4:K356Q,-79.07160073,-0.044733434,-875.3732582,-0.056740215
4:K356E,-79.32196276,-0.295095472,-875.0686255,0.247892483
4:K356I,-75.73833207,3.288535219,-875.9451617,-0.628643699
4:K356M,-79.59536079,-0.568493497,-875.655831,-0.339313021
4:K356T,-79.06467767,-0.037810376,-874.9609825,0.355535473
4:R357R,-81.38122862,0,-863.3267787,0
4:R357N,-81.35908076,0.022147863,-862.3981987,0.928580033
4:R357C,-81.44678631,-0.065557689,-862.6535559,0.673222794
4:R357Q,-81.30246419,0.078764433,-862.7939906,0.532788143
4:R357G,-81.33299849,0.048230138,-862.3608599,0.965918769
4:R357H,-81.39641196,-0.015183332,-862.6047522,0.722026458
4:R357I,-81.47596575,-0.094737122,-863.3462595,-0.019480751
4:R357L,-81.78558727,-0.404358649,-862.7491242,0.577654486
4:R357K,-81.37471426,0.006514367,-862.5377444,0.789034341
4:R357M,-81.44437911,-0.06315049,-863.1193716,0.207407085
4:R357P,-81.86240586,-0.481177238,-861.9560867,1.370691988
4:R357S,-81.40339882,-0.022170197,-862.4913399,0.83543885
4:R357T,-81.5190315,-0.137802875,-862.7960502,0.530728532
4:R357W,-81.51850697,-0.137278349,-862.6728335,0.653945192
4:I358I,-82.56567486,0,-887.4185797,0
4:I358R,-79.16127874,3.404396126,-885.4438076,1.974772144
4:I358N,-82.30089597,0.264778889,-885.2079278,2.210651926
4:I358L,-82.62458586,-0.058911001,-886.5288749,0.889704827
4:I358K,-82.71416308,-0.14848822,-885.4945802,1.9239995
4:I358M,-78.79475442,3.770920442,-885.5804049,1.838174841
4:I358F,-82.34166581,0.22400905,-886.647573,0.771006693
4:I358S,-81.71516086,0.850514004,-884.6515512,2.767028561
4:I358T,-81.94350933,0.622165533,-885.339697,2.078882713
4:I358V,-82.22699874,0.33867612,-886.0746985,1.34388121
4:S359S,-81.15828666,0,-885.8587345,0
4:S359A,-81.10765091,0.050635747,-885.6363204,0.222414091
4:S359C,-81.2654037,-0.107117041,-885.4725549,0.386179571
4:S359L,-81.50487791,-0.346591248,-886.548702,-0.689967513
4:S359F,-82.02966244,-0.87137578,-885.7962239,0.062510528
4:S359P,-81.17617279,-0.017886133,-885.1367415,0.721992964
4:S359T,-81.05010277,0.10818389,-885.8611207,-0.002386266
4:S359W,-82.66543332,-1.507146657,-885.9090438,-0.050309329
4:S359Y,-82.71610038,-1.557813722,-885.5710619,0.287672624
4:N360N,-81.14050751,0,-878.7756042,0
4:N360D,-80.8209806,0.319526909,-878.1137463,0.661857886
4:N360H,-80.97201479,0.168492726,-878.0311837,0.744420447
4:N360I,-82.48722736,-1.346719845,-879.1017377,-0.326133499
4:N360K,-81.50933135,-0.368823842,-878.047357,0.728247188
4:N360S,-81.43804735,-0.297539842,-878.2324554,0.54314876
4:N360T,-81.74666291,-0.606155393,-878.4024798,0.373124385
4:N360Y,-81.86640751,-0.725900001,-878.6078009,0.167803232
4:C361C,-81.89074032,0,-888.0140417,0
4:C361R,-81.0863981,0.804342219,-883.936123,4.077918733
4:C361G,-81.41691631,0.473824015,-882.2991526,5.71488912
4:C361F,-79.7631298,2.127610526,-884.1832954,3.830746261
4:C361S,-81.61871271,0.27202761,-883.1339295,4.880112222
4:C361W,-82.13087498,-0.240134662,-884.1375816,3.876460058
4:C361Y,-81.26655897,0.624181352,-884.2209661,3.793075582
4:V362V,-77.10566525,0,-513.2543599,0
4:V362A,-77.52544876,-0.419783508,-511.5366293,1.717730536
4:V362D,-77.66368183,-0.558016577,-511.3755022,1.878857661
4:V362E,-77.18295098,-0.077285732,-511.1807817,2.073578182
4:V362G,-77.05671633,0.048948916,-510.6354011,2.618958726
4:V362I,-77.05839036,0.047274887,-512.9201122,0.334247649
4:V362L,-76.46643705,0.639228197,-512.5532926,0.701067273
4:V362M,-77.30942227,-0.203757017,-512.0117118,1.242648024
4:V362F,-76.47235003,0.633315219,-512.1713562,1.083003645
4:A363A,-77.21037099,0,-515.6777162,0
4:A363D,-77.22294643,-0.012575436,-514.5796091,1.098107125
4:A363E,-77.88252284,-0.672151842,-514.6266564,1.051059826
4:A363G,-77.2018746,0.008496398,-514.0500308,1.627685385
4:A363P,-77.38912132,-0.178750323,-514.1370743,1.540641895
4:A363S,-77.29756574,-0.087194745,-514.4680706,1.209645548
4:A363T,-77.30233789,-0.0919669,-514.3279315,1.34978468
4:A363V,-77.32764372,-0.117272726,-515.2081625,0.469553692
4:D364D,-80.26840033,0,-513.4403651,0
4:D364A,-80.41666336,-0.148263021,-512.9718636,0.468501515
4:D364N,-80.40728084,-0.138880509,-512.937849,0.502516047
4:D364E,-80.40124411,-0.132843774,-512.8839624,0.556402665
4:D364G,-80.43211078,-0.163710448,-512.2247264,1.215638712
4:D364H,-80.00796203,0.260438304,-513.3230524,0.117312642
4:D364Y,-81.29182975,-1.02342942,-514.596246,-1.155880952
4:D364V,-80.42042085,-0.152020517,-513.7463949,-0.306029814
4:Y365Y,-78.8861782,0,-522.7495285,0
4:Y365N,-78.52024188,0.365936315,-519.8663414,2.883187043
4:Y365D,-79.30999276,-0.423814564,-519.6400254,3.109503114
4:Y365C,-78.65100442,0.235173781,-520.0505365,2.698991992
4:Y365H,-79.05966725,-0.173489053,-520.3941995,2.355328954
4:Y365F,-78.89043182,-0.004253624,-522.2516696,0.497858884
4:Y365S,-78.7738152,0.112362994,-519.2187214,3.530807016
4:L368L,-79.70429147,0,-530.1094423,0
4:L368R,-79.64260961,0.061681863,-528.5385989,1.570843376
4:L368Q,-79.79920446,-0.094912981,-527.8470539,2.262388377
4:L368H,-79.03309048,0.671200996,-527.9012008,2.208241519
4:L368I,-79.59956123,0.104730247,-529.4630136,0.646428627
4:L368M,-79.04859676,0.655694715,-528.7192953,1.39014693
4:L368F,-78.93331856,0.770972919,-528.6418631,1.467579191
4:L368P,-80.24430846,-0.54001699,-527.8065272,2.302915086
4:L368S,-79.65696128,0.047330196,-527.141265,2.968177309
4:L368W,-79.55750521,0.146786261,-528.9689426,1.140499686
4:L368V,-79.24706678,0.45722469,-528.8149811,1.294461162
4:Y369Y,-79.67732836,0,-526.2524248,0
4:Y369N,-79.72297074,-0.04564238,-525.6382062,0.614218565
4:Y369D,-79.35736274,0.319965612,-525.6162865,0.63613834
4:Y369C,-79.57571261,0.10161575,-525.9207062,0.331718553
4:Y369H,-79.64072272,0.036605639,-524.8283872,1.424037613
4:Y369F,-79.58226592,0.095062434,-525.64013,0.612294755
4:Y369S,-79.59330772,0.084020636,-525.9285263,0.323898443
5:P373P,-73.85821608,0,-383.1200918,0
5:P373A,-73.88012501,-0.021908929,-381.6760374,1.444054406
5:P373R,-73.71986262,0.138353466,-382.1720067,0.948085112
5:P373Q,-73.91549701,-0.057280925,-381.778785,1.34130682
5:P373H,-73.85357982,0.004636258,-381.274623,1.845468827
5:P373L,-74.03483637,-0.176620286,-383.0870411,0.033050749
5:P373S,-73.90865218,-0.050436104,-381.3992454,1.720846439
5:P373T,-73.98598887,-0.127772785,-381.4689671,1.651124713
5:F374F,-77.00107007,0,-522.7077105,0
5:F374C,-77.29082359,-0.289753517,-520.2761765,2.431533994
5:F374I,-79.80049296,-2.799422882,-521.2824199,1.425290588
5:F374L,-78.31655376,-1.315483685,-521.7985094,0.909201128
5:F374S,-76.71469563,0.286374442,-520.0540178,2.653692737
5:F374Y,-78.91102205,-1.909951971,-521.2364814,1.471229115
5:F374V,-76.80474743,0.196322646,-521.1252539,1.582456639
5:F377F,-77.26892425,0,-522.4204169,0
5:F377C,-77.23571151,0.03321274,-520.0667123,2.353704549
5:F377I,-77.27145513,-0.002530883,-521.6126381,0.807778756
5:F377L,-77.3002244,-0.031300153,-521.5317609,0.888656004
5:F377S,-77.24435929,0.024564955,-519.7323928,2.688024037
5:F377Y,-77.25444779,0.014476459,-521.7224376,0.697979223
5:F377V,-77.26322318,0.005701067,-520.8539186,1.566498306
5:V382V,-74.27588568,0,-386.6523133,0
5:V382A,-74.27588592,-2.38E-07,-385.0190772,1.633236122
5:V382D,-74.27588572,-4.54E-08,-384.6462354,2.006077971
5:V382E,-74.27588536,3.23E-07,-384.787319,1.864994279
5:V382G,-74.27588592,-2.40E-07,-384.106306,2.546007352
5:V382I,-74.27588568,2.74E-09,-386.0655582,0.586755152
5:V382L,-74.27588574,-5.89E-08,-385.9382895,0.71402381
5:V382M,-74.27588572,-4.14E-08,-385.5838081,1.068505252
5:V382F,-74.27588552,1.62E-07,-386.371483,0.280830294
5:P384P,-77.22628661,0,-521.6355088,0
5:P384A,-77.22367637,0.00261024,-520.6205946,1.014914233
5:P384R,-77.19710342,0.029183194,-521.5223908,0.113118005
5:P384Q,-77.2280146,-0.001727988,-520.5447983,1.090710505
5:P384H,-77.22066589,0.005620726,-520.6645017,0.971007123
5:P384L,-77.22758082,-0.001294201,-521.791602,-0.156093239
5:P384S,-77.22370642,0.002580195,-520.3088754,1.32663339
5:P384T,-77.2300969,-0.003810284,-521.1019704,0.533538379
5:L387L,-77.22865262,0,-523.3169896,0
5:L387R,-77.22568963,0.002962985,-521.6394017,1.67758784
5:L387Q,-77.23088727,-0.002234653,-521.7016602,1.615329417
5:L387H,-77.22960626,-0.000953639,-521.0861745,2.230815102
5:L387I,-77.23317449,-0.00452187,-521.9857788,1.331210765
5:L387M,-77.22843885,0.000213772,-521.9398693,1.377120254
5:L387F,-77.23335315,-0.004700528,-521.8365528,1.480436761
5:L387P,-77.22730123,0.001351387,-520.5273132,2.789676392
5:L387S,-77.22715751,0.001495113,-520.6088587,2.708130913
5:L387W,-77.23372908,-0.005076457,-522.4308743,0.886115299
5:L387V,-77.22764629,0.00100633,-522.0431774,1.273812153
5:N388N,-77.18449314,0,-511.5905827,0
5:N388D,-77.20601714,-0.021524005,-510.7262382,0.864344516
5:N388H,-77.26129777,-0.076804632,-510.8396481,0.750934572
5:N388I,-77.27560123,-0.091108089,-511.6839079,-0.093325145
5:N388K,-77.27987429,-0.095381154,-511.1301802,0.460402565
5:N388S,-77.27357566,-0.089082524,-510.3618721,1.228710569
5:N388T,-77.27245713,-0.087963989,-510.9107823,0.679800366
5:N388Y,-77.25699904,-0.072505898,-511.7429873,-0.152404553
5:L390L,-77.21412258,0,-514.9174433,0
5:L390R,-77.21373653,0.000386047,-513.9528014,0.964641901
5:L390Q,-77.21389903,0.000223545,-513.6592813,1.258162032
5:L390H,-77.21440494,-0.000282361,-513.436965,1.480478268
5:L390I,-77.21408965,3.29E-05,-514.214663,0.702780281
5:L390M,-77.21435662,-0.000234036,-514.2006932,0.716750106
5:L390F,-77.21433131,-0.000208734,-514.4248734,0.492569851
5:L390P,-77.21394635,0.000176227,-512.8364712,2.080972065
5:L390S,-77.21449472,-0.000372144,-513.1795571,1.737886156
5:L390W,-77.21436965,-0.000247073,-514.3698738,0.547569466
5:L390V,-77.21378994,0.000332634,-513.9430262,0.974417134
5:C391C,-77.22656518,0,-513.1642196,0
5:C391R,-77.22745809,-0.000892906,-508.6752042,4.489015412
5:C391G,-77.22924125,-0.002676062,-508.7871556,4.377063946
5:C391F,-77.22710741,-0.000542223,-508.9300789,4.234140671
5:C391S,-77.22906629,-0.002501103,-508.883577,4.280642597
5:C391W,-77.22574992,0.000815262,-509.1669639,3.997255624
5:C391Y,-77.2276358,-0.001070616,-509.0765408,4.087678754
5:F392F,-77.21586414,0,-526.7656642,0
5:F392C,-77.21536866,0.000495478,-524.1434524,2.622211832
5:F392I,-77.21594592,-8.18E-05,-525.0195354,1.746128839
5:F392L,-77.21498988,0.000874263,-525.3080468,1.457617385
5:F392S,-77.21539367,0.000470469,-523.901502,2.864162271
5:F392Y,-77.21598838,-0.000124239,-526.0349517,0.730712563
5:F392V,-77.21616754,-0.000303402,-524.7840576,1.981606674
5:T393T,-74.27555197,0,-397.4268649,0
5:T393A,-74.27560075,-4.88E-05,-396.0887939,1.33807102
5:T393R,-74.27582192,-0.000269946,-396.2780652,1.148799658
5:T393N,-74.27561073,-5.88E-05,-395.8264677,1.600397207
5:T393I,-74.27574193,-0.000189952,-397.2819305,0.144934364
5:T393K,-74.2758319,-0.00027993,-395.5603652,1.866499683
5:T393M,-74.2757187,-0.000166727,-396.1617135,1.26515135
5:T393P,-74.27615353,-0.00060156,-396.1359698,1.290895049
5:T393S,-74.27575165,-0.000199677,-395.7744715,1.652393377
5:N394N,-77.41690713,0,-515.5688593,0
5:N394D,-77.44555862,-0.028651488,-514.7009345,0.867924729
5:N394H,-77.3058006,0.111106529,-514.5851074,0.983751904
5:N394I,-77.35524045,0.061666686,-515.7005464,-0.13168709
5:N394K,-77.44148935,-0.024582214,-514.63983,0.929029228
5:N394S,-77.37003621,0.046870926,-515.1735936,0.395265627
5:N394T,-77.30310481,0.113802325,-515.02027,0.548589232
5:N394Y,-77.31672145,0.100185685,-515.3810958,0.187763438
5:V395V,-79.11056214,0,-522.5867774,0
5:V395A,-78.8361972,0.274364944,-520.4883111,2.098466347
5:V395D,-78.95329785,0.157264288,-520.7199226,1.866854842
5:V395E,-78.81916836,0.291393775,-520.7178085,1.868968963
5:V395G,-78.70236787,0.408194275,-519.1575562,3.429221233
5:V395I,-79.07233743,0.038224709,-521.9277893,0.65898818
5:V395L,-78.93936007,0.17120207,-521.9858683,0.600909096
5:V395M,-78.99380098,0.116761155,-521.4913647,1.095412735
5:V395F,-79.10767722,0.002884924,-521.1960054,1.39077205
5:Y396Y,-78.71780178,0,-521.7552126,0
5:Y396N,-78.19199172,0.525810063,-520.3864627,1.368749892
5:Y396D,-78.10696108,0.610840703,-519.4768191,2.278393462
5:Y396C,-78.33077,0.387031785,-520.2159367,1.539275846
5:Y396H,-78.62843574,0.089366043,-520.0212709,1.733941626
5:Y396F,-78.95947448,-0.241672698,-521.3997908,0.355421734
5:Y396S,-77.73291148,0.984890306,-520.4173822,1.337830312
5:A397A,-78.06033634,0,-516.0551131,0
5:A397D,-78.04750246,0.012833878,-515.3222847,0.732828381
5:A397E,-77.99066131,0.069675022,-515.0250131,1.030099979
5:A397G,-78.13744481,-0.077108474,-514.366285,1.688828086
5:A397P,-78.08279946,-0.022463122,-515.6396647,0.415448336
5:A397S,-78.82122101,-0.760884677,-515.0058604,1.049252693
5:A397T,-78.87162782,-0.811291483,-515.6955553,0.359557718
5:A397V,-78.69496656,-0.634630221,-516.0981257,-0.043012675
5:D398D,-77.24353509,0,-512.3083153,0
5:D398A,-77.23761414,0.005920956,-511.1539875,1.154327779
5:D398N,-77.23891088,0.004624211,-511.5860829,0.722232381
5:D398E,-77.2351368,0.008398289,-511.7460841,0.562231225
5:D398G,-77.23860147,0.004933622,-510.2238543,2.084461005
5:D398H,-77.24094127,0.002593825,-511.7242703,0.584045014
5:D398Y,-77.2452207,-0.001685608,-513.0432369,-0.734921584
5:D398V,-77.23887801,0.004657079,-512.0880596,0.220255672
5:S399S,-78.17590581,0,-515.3500304,0
5:S399A,-78.42504937,-0.249143565,-514.750173,0.599857382
5:S399C,-78.07717984,0.098725964,-515.0743155,0.275714843
5:S399L,-78.59966611,-0.423760306,-514.324711,1.025319352
5:S399F,-79.12106277,-0.945156966,-516.1949234,-0.844892997
5:S399P,-78.42291091,-0.247005105,-515.1296421,0.220388323
5:S399T,-78.39102107,-0.215115261,-515.0503792,0.299651221
5:S399W,-78.87821007,-0.702304268,-516.2771526,-0.927122169
5:S399Y,-78.92487174,-0.748965933,-516.2942557,-0.944225298
5:F400F,-77.28295826,0,-519.1511139,0
5:F400C,-77.29004772,-0.007089469,-516.1024733,3.048640579
5:F400I,-77.27600661,0.006951645,-517.1814306,1.969683331
5:F400L,-77.28183431,0.001123949,-517.707654,1.443459924
5:F400S,-77.29754721,-0.01458896,-515.6855394,3.465574512
5:F400Y,-77.27313336,0.009824893,-518.0726186,1.07849524
5:F400V,-77.29653443,-0.013576179,-517.1812684,1.969845487
5:V401V,-77.21391866,0,-515.8625054,0
5:V401A,-77.19006898,0.02384968,-513.7670121,2.095493274
5:V401D,-77.23572785,-0.021809191,-513.3941171,2.468388339
5:V401E,-77.20909763,0.004821024,-513.7633569,2.099148535
5:V401G,-77.19019594,0.023722718,-512.8790807,2.983424753
5:V401I,-77.22149854,-0.00757988,-515.3394689,0.523036488
5:V401L,-77.21503575,-0.001117091,-515.1876624,0.674843043
5:V401M,-77.23277155,-0.018852892,-514.3326285,1.529876946
5:V401F,-77.03009857,0.183820088,-513.680098,2.18240745
5:I402I,-77.224908,0,-519.1044639,0
5:I402R,-77.22488434,2.37E-05,-516.1251359,2.979327952
5:I402N,-77.22488788,2.01E-05,-516.8607123,2.243751564
5:I402L,-77.22491062,-2.62E-06,-518.2154054,0.88905849
5:I402K,-77.22491046,-2.46E-06,-515.8838303,3.220633602
5:I402M,-77.22491837,-1.04E-05,-517.234883,1.86958089
5:I402F,-77.22492739,-1.94E-05,-517.5386042,1.565859641
5:I402S,-77.22489107,1.69E-05,-516.4391895,2.665274348
5:I402T,-77.22490435,3.65E-06,-516.9290965,2.175367388
5:I402V,-77.22489059,1.74E-05,-517.908095,1.196368883
5:R403R,-74.27589279,0,-376.0423731,0
5:R403N,-74.2758914,1.39E-06,-373.3536132,2.688759832
5:R403C,-74.27590114,-8.35E-06,-374.0730086,1.96936446
5:R403Q,-74.27589415,-1.36E-06,-374.2707165,1.771656578
5:R403G,-74.2758983,-5.51E-06,-372.1948746,3.847498448
5:R403H,-74.27589394,-1.15E-06,-373.481123,2.561250089
5:R403I,-74.27589171,1.08E-06,-375.0727142,0.969658808
5:R403L,-74.27589166,1.13E-06,-374.389967,1.652406047
5:R403K,-74.275895,-2.21E-06,-374.2498388,1.792534216
5:R403M,-74.27589404,-1.25E-06,-374.6690918,1.37328129
5:R403P,-74.27589087,1.92E-06,-373.9226829,2.119690191
5:R403S,-74.27589974,-6.95E-06,-373.6179824,2.424390644
5:R403T,-74.27589432,-1.53E-06,-374.3341175,1.708255548
5:R403W,-74.27589482,-2.03E-06,-374.0594578,1.982915293
5:G404G,-74.27588692,0,-387.0823265,0
5:G404A,-74.27588857,-1.66E-06,-386.8186842,0.263642302
5:G404R,-74.27588462,2.30E-06,-386.7803022,0.302024276
5:G404D,-74.27587831,8.61E-06,-386.8346796,0.247646952
5:G404C,-74.27588679,1.22E-07,-386.8339744,0.248352136
5:G404E,-74.27587575,1.12E-05,-387.2929449,-0.210618373
5:G404S,-74.27588833,-1.42E-06,-386.7468149,0.335511611
5:G404W,-74.27587213,1.48E-05,-388.1916218,-1.109295313
5:G404V,-74.2758801,6.81E-06,-387.2400867,-0.157760195
5:D405D,-74.27588593,0,-379.5441033,0
5:D405A,-74.27588596,-3.29E-08,-379.3053659,0.238737457
5:D405N,-74.27588579,1.42E-07,-378.8403427,0.703760606
5:D405E,-74.27588593,2.99E-09,-379.2528565,0.291246823
5:D405G,-74.27588603,-9.76E-08,-378.918068,0.626035371
5:D405H,-74.2758858,1.28E-07,-379.0115099,0.53259346
5:D405Y,-74.27588605,-1.23E-07,-380.2587721,-0.714668755
5:D405V,-74.27588584,8.89E-08,-379.5706054,-0.02650209
5:E406E,-74.27588553,0,-381.8128423,0
5:E406A,-74.27588582,-2.90E-07,-381.7754177,0.037424647
5:E406D,-74.27588601,-4.80E-07,-381.3917983,0.421044026
5:E406Q,-74.27588591,-3.75E-07,-381.9954425,-0.182600175
5:E406G,-74.27588606,-5.29E-07,-380.3689507,1.443891588
5:E406K,-74.27588508,4.47E-07,-381.1968235,0.616018809
5:E406V,-74.27588549,4.00E-08,-382.094225,-0.281382653
5:V407V,-74.27588225,0,-385.7907433,0
5:V407A,-74.27588088,1.37E-06,-384.7109716,1.079771752
5:V407D,-74.27585738,2.49E-05,-384.1052181,1.68552519
5:V407E,-74.27587525,7.00E-06,-384.4970715,1.293671795
5:V407G,-74.27588824,-6.00E-06,-383.9001575,1.890585859
5:V407I,-74.27588924,-6.99E-06,-385.2712929,0.519450434
5:V407L,-74.27589115,-8.90E-06,-385.4751284,0.315614881
5:V407M,-74.27588113,1.12E-06,-385.0417902,0.748953081
5:V407F,-74.275886,-3.75E-06,-385.4377504,0.352992918
5:I410I,-77.22488036,0,-518.0167541,0
5:I410R,-77.22488541,-5.05E-06,-516.3289078,1.687846306
5:I410N,-77.22487976,5.99E-07,-515.7372476,2.279506547
5:I410L,-77.22488561,-5.25E-06,-516.5985166,1.418237548
5:I410K,-77.22488671,-6.35E-06,-515.8789358,2.137818346
5:I410M,-77.22487658,3.78E-06,-515.8572951,2.159458974
5:I410F,-77.22488739,-7.03E-06,-515.5416668,2.475087305
5:I410S,-77.22487509,5.27E-06,-515.2521015,2.764652572
5:I410T,-77.22487338,6.98E-06,-516.0099771,2.006777013
5:I410V,-77.22487666,3.70E-06,-516.7261493,1.290604859
5:I418I,-77.22488352,0,-525.8157559,0
5:I418R,-77.22488562,-2.10E-06,-524.2193508,1.596405097
5:I418N,-77.22488242,1.10E-06,-522.9170131,2.898742789
5:I418L,-77.22488369,-1.71E-07,-524.74031,1.075445874
5:I418K,-77.22488612,-2.60E-06,-522.8760802,2.939675677
5:I418M,-77.22488591,-2.39E-06,-523.2751631,2.540592805
5:I418F,-77.22488781,-4.29E-06,-523.0482174,2.767538517
5:I418S,-77.22488201,1.51E-06,-523.1747821,2.640973834
5:I418T,-77.22488294,5.74E-07,-524.1366407,1.679115192
5:I418V,-77.22488303,4.85E-07,-524.6619878,1.153768117
5:N422N,-77.22488148,0,-519.0660887,0
5:N422D,-77.2248803,1.18E-06,-517.5858284,1.480260279
5:N422H,-77.22488362,-2.14E-06,-516.8517722,2.214316458
5:N422I,-77.22488352,-2.05E-06,-518.0091381,1.056950559
5:N422K,-77.22488199,-5.16E-07,-517.4252732,1.640815481
5:N422S,-77.2248799,1.58E-06,-517.9062667,1.159821981
5:N422T,-77.22488101,4.68E-07,-517.7077159,1.358372788
5:N422Y,-77.22488439,-2.91E-06,-515.0290394,4.037049231
5:Y423Y,-77.22486659,0,-517.4382447,0
5:Y423N,-77.22487087,-4.28E-06,-514.5288847,2.909360052
5:Y423D,-77.22487088,-4.29E-06,-513.960561,3.477683692
5:Y423C,-77.22486959,-3.00E-06,-514.460261,2.977983656
5:Y423H,-77.22487419,-7.60E-06,-515.222358,2.215886674
5:Y423F,-77.22486905,-2.46E-06,-516.6682913,0.769953424
5:Y423S,-77.22486782,-1.23E-06,-514.0772094,3.361035342
5:L425L,-74.27588202,0,-392.8396231,0
5:L425R,-74.27588045,1.58E-06,-391.0255047,1.814118349
5:L425Q,-74.27588098,1.04E-06,-391.5764122,1.263210813
5:L425H,-74.27588149,5.30E-07,-390.5526552,2.286967803
5:L425I,-74.27588147,5.56E-07,-391.9816313,0.857991761
5:L425M,-74.27588144,5.79E-07,-392.2000938,0.63952926
5:L425F,-74.27588295,-9.26E-07,-390.2635123,2.576110729
5:L425P,-74.27588122,8.08E-07,-390.6724372,2.167185821
5:L425S,-74.27588222,-1.98E-07,-390.3611937,2.478429367
5:L425W,-74.27588221,-1.89E-07,-390.6599942,2.179628887
5:L425V,-74.27588138,6.45E-07,-391.4213378,1.418285253
5:F429F,-74.27530768,0,-396.9738534,0
5:F429C,-74.27528839,1.93E-05,-394.0164149,2.957438497
5:F429I,-74.2752504,5.73E-05,-395.4209619,1.552891441
5:F429L,-74.27528491,2.28E-05,-395.4079003,1.565953061
5:F429S,-74.27529387,1.38E-05,-393.7049624,3.268890955
5:F429Y,-74.27518058,0.000127099,-395.8878181,1.086035305
5:F429V,-74.27528674,2.09E-05,-395.016244,1.957609426
5:T430T,-74.27543826,0,-386.3403427,0
5:T430A,-74.2754693,-3.10E-05,-385.2492687,1.091073963
5:T430R,-74.27542067,1.76E-05,-386.397464,-0.057121328
5:T430N,-74.2754163,2.20E-05,-385.4520729,0.888269761
5:T430I,-74.27566013,-0.000221875,-386.0542065,0.286136178
5:T430K,-74.27539844,3.98E-05,-385.1986651,1.141677609
5:T430M,-74.27536845,6.98E-05,-385.883157,0.457185691
5:T430P,-74.27543292,5.34E-06,-385.1801963,1.160146403
5:T430S,-74.27548723,-4.90E-05,-385.32106,1.019282688
5:G431G,-74.27520878,0,-390.400866,0
5:G431A,-74.27538895,-0.000180174,-390.0636939,0.337172072
5:G431R,-74.27561375,-0.000404971,-389.1949691,1.205896876
5:G431D,-74.27535774,-0.000148965,-389.4209716,0.979894406
5:G431C,-74.27552086,-0.00031208,-389.4361738,0.964692171
5:G431E,-74.27474667,0.000462104,-389.7016359,0.699230108
5:G431S,-74.2757403,-0.000531525,-388.2719761,2.128889923
5:G431W,-74.27756372,-0.002354944,-381.2802378,9.120628157
5:G431V,-74.27751701,-0.002308232,-387.7843667,2.61649929
5:C432C,-77.28020443,0,-518.7892065,0
5:C432R,-77.2368666,0.043337833,-515.3047044,3.484502106
5:C432G,-77.30988526,-0.029680826,-513.4134986,5.37570788
5:C432F,-77.30224229,-0.022037857,-514.9578182,3.83138833
5:C432S,-77.32416194,-0.043957508,-514.221635,4.567571523
5:C432W,-77.22737346,0.052830977,-515.0838687,3.70533784
5:C432Y,-77.31181663,-0.031612198,-514.8895827,3.899623832
5:V433V,-74.27923247,0,-391.2194828,0
5:V433A,-74.27818195,0.001050516,-389.153906,2.065576797
5:V433D,-74.27977595,-0.000543485,-388.711984,2.507498797
5:V433E,-74.27810316,0.001129303,-389.2413641,1.978118718
5:V433G,-74.27820565,0.001026817,-388.1660986,3.053384213
5:V433I,-74.27907246,0.000160004,-390.8757717,0.343711047
5:V433L,-74.28048099,-0.001248522,-390.3800586,0.839424226
5:V433M,-74.27858411,0.000648353,-390.4261403,0.793342487
5:V433F,-74.27718565,0.002046821,-390.4722406,0.747242164
5:I434I,-77.31703704,0,-521.7582391,0
5:I434R,-77.27545834,0.041578696,-520.3229447,1.435294444
5:I434N,-77.32911951,-0.012082471,-519.0622241,2.696015031
5:I434L,-77.3239521,-0.006915056,-520.9113323,0.846906851
5:I434K,-77.21597496,0.101062078,-519.6751943,2.083044778
5:I434M,-77.29519872,0.021838322,-520.1717241,1.586515004
5:I434F,-77.52729577,-0.210258734,-520.7716813,0.986557782
5:I434S,-77.57080674,-0.253769699,-519.0750311,2.683208021
5:I434T,-77.33953203,-0.022494985,-519.8646747,1.893564417
5:I434V,-77.39886057,-0.081823525,-520.5657574,1.192481694
5:A435A,-74.27140675,0,-389.8385362,0
5:A435D,-74.1423356,0.129071148,-388.7576809,1.080855335
5:A435E,-74.1578753,0.113531448,-388.9443312,0.894204974
5:A435G,-74.23621591,0.035190841,-388.2319372,1.606599037
5:A435P,-74.37494403,-0.103537287,-389.054719,0.783817228
5:A435S,-74.27198314,-0.000576389,-388.8706005,0.967935726
5:A435T,-74.29661537,-0.025208619,-389.4236291,0.414907122
5:A435V,-74.27773523,-0.006328481,-390.1578385,-0.319302241
5:W436W,-77.16629274,0,-518.641362,0
5:W436R,-77.03404953,0.132243217,-517.1654928,1.475869163
5:W436C,-77.13994565,0.026347098,-515.7653475,2.876014512
5:W436G,-77.27733615,-0.111043407,-515.0104203,3.630941695
5:W436L,-77.26667157,-0.100378832,-517.0166548,1.624707249
5:W436S,-77.21645699,-0.050164252,-515.5625033,3.078858758
5:N437N,-74.24966339,0,-380.0711062,0
5:N437D,-75.25258189,-1.002918503,-378.6453625,1.425743642
5:N437H,-75.30248878,-1.052825393,-378.4159597,1.655146493
5:N437I,-74.26012757,-0.01046418,-380.1362101,-0.065103954
5:N437K,-74.25952715,-0.009863761,-379.0106012,1.06050496
5:N437S,-75.26764512,-1.017981737,-378.9642435,1.106862718
5:N437T,-74.2431839,0.006479488,-379.655419,0.415687144
5:N437Y,-74.25837558,-0.008712197,-380.1333176,-0.062211407
5:S438S,-77.47100112,0,-516.6883874,0
5:S438A,-77.5726812,-0.101680077,-516.1687631,0.519624275
5:S438C,-77.7196145,-0.24861338,-516.0725905,0.615796896
5:S438L,-78.17366674,-0.702665619,-516.3109443,0.377443122
5:S438F,-77.71844811,-0.247446987,-516.4381973,0.25019015
5:S438P,-77.86025064,-0.38924952,-515.8426492,0.8457382
5:S438T,-77.79700929,-0.326008166,-516.7015701,-0.013182665
5:S438W,-78.67674861,-1.20574749,-516.8572821,-0.168894663
5:S438Y,-78.29389917,-0.822898046,-515.9938033,0.694584076
5:N439N,-74.78373882,0,-382.0731583,0
5:N439D,-74.89731331,-0.113574488,-381.5470932,0.526065147
5:N439H,-74.80629801,-0.022559188,-380.9022504,1.170907939
5:N439I,-75.84570616,-1.061967332,-381.7228141,0.350344233
5:N439K,-74.95363554,-0.169896718,-380.0728074,2.000350868
5:N439S,-74.87636887,-0.092630043,-381.2834535,0.78970485
5:N439T,-75.89483502,-1.111096191,-381.4619649,0.611193377
5:N439Y,-74.83220067,-0.048461843,-381.7679656,0.305192669
5:L441L,-74.39089067,0,-983.5620883,0
5:L441R,-77.18010498,-2.789214306,-982.940149,0.621939277
5:L441Q,-74.30213764,0.088753029,-982.0933127,1.4687756
5:L441H,-77.26921555,-2.878324876,-982.1012658,1.460822553
5:L441I,-73.16524781,1.225642864,-982.8248186,0.737269698
5:L441M,-73.79350087,0.597389798,-982.5608963,1.001192028
5:L441F,-79.94136016,-5.550469489,-983.4469618,0.115126464
5:L441P,-72.5170732,1.873817469,-981.5984217,1.963666573
5:L441S,-71.66085576,2.73003491,-981.3373682,2.224720067
5:L441W,-81.00008573,-6.609195058,-983.8006164,-0.238528142
5:L441V,-73.21514931,1.175741362,-982.6494488,0.912639527
5:D442D,-74.23159297,0,-383.9931215,0
5:D442A,-74.79354427,-0.561951305,-382.9388929,1.054228572
5:D442N,-74.70809903,-0.47650606,-382.8127464,1.180375111
5:D442E,-75.12377484,-0.892181878,-383.0486468,0.944474671
5:D442G,-74.7215313,-0.489938334,-381.8873685,2.105752981
5:D442H,-74.14938738,0.082205583,-382.9726135,1.020508028
5:D442Y,-75.11346964,-0.881876676,-384.0401101,-0.046988595
5:D442V,-74.5004184,-0.268825438,-383.8704492,0.122672231
5:S443S,-74.71601489,0,-388.2890582,0
5:S443A,-75.49730201,-0.781287115,-387.4407769,0.848281317
5:S443C,-74.67083926,0.045175629,-387.6850626,0.60399558
5:S443L,-76.51705761,-1.801042718,-387.9418911,0.3471671
5:S443F,-74.92967205,-0.213657164,-387.818915,0.470143239
5:S443P,-74.68777114,0.028243749,-387.1417398,1.147318391
5:S443T,-74.91438789,-0.198373003,-387.8843978,0.404660384
5:S443W,-76.12460159,-1.408586698,-387.7952991,0.493759145
5:S443Y,-75.84501826,-1.129003369,-387.2987725,0.990285677
5:K444K,-74.36675508,0,-386.6021607,0
5:K444R,-74.08524668,0.281508406,-386.2471228,0.35503791
5:K444N,-74.09077819,0.275976891,-385.6361729,0.965987837
5:K444Q,-74.10819559,0.258559495,-386.075507,0.526653747
5:K444E,-74.04241838,0.324336708,-386.0828331,0.519327596
5:K444I,-74.07798857,0.28876651,-386.8499236,-0.24776284
5:K444M,-74.35086644,0.015888642,-386.5129923,0.089168378
5:K444T,-74.04718253,0.319572555,-386.0400018,0.562158927
5:V445V,-74.26369976,0,-385.3202564,0
5:V445A,-74.2254643,0.038235466,-384.1765201,1.143736257
5:V445D,-74.30910688,-0.045407118,-383.6415795,1.678676886
5:V445E,-74.27470868,-0.011008919,-384.3344689,0.985787464
5:V445G,-74.26001218,0.003687586,-384.2621201,1.058136288
5:V445I,-74.26601952,-0.002319755,-384.4883285,0.83192782
5:V445L,-74.30167445,-0.03797469,-384.4575112,0.862745194
5:V445M,-74.29090569,-0.027205926,-384.1315529,1.188703463
5:V445F,-74.421522,-0.157822233,-384.1117077,1.208548697
5:S446S,-74.26119234,0,-385.5704402,0
5:S446A,-74.28132863,-0.020136289,-385.0116787,0.558761542
5:S446C,-74.27852561,-0.017333267,-385.1515642,0.418876002
5:S446L,-74.2595963,0.001596044,-384.7384262,0.832014067
5:S446F,-74.54012097,-0.278928628,-384.9070081,0.663432171
5:S446P,-74.27486785,-0.013675503,-384.3535273,1.216912911
5:S446T,-74.28528346,-0.024091114,-384.6375707,0.932869485
5:S446W,-74.38167933,-0.120486986,-384.8373312,0.733109058
5:S446Y,-74.34257913,-0.081386786,-385.1422144,0.42822586
5:G447G,-74.45657639,0,-387.7058895,0
5:G447A,-74.47922439,-0.022648002,-387.6363753,0.069514264
5:G447R,-74.437286,0.019290397,-386.311256,1.394633516
5:G447D,-74.40649053,0.050085858,-386.962283,0.743606535
5:G447C,-74.43484509,0.0217313,-386.7926341,0.913255436
5:G447E,-74.42617562,0.030400773,-386.1886994,1.5171901
5:G447S,-74.43504513,0.021531259,-386.7526218,0.953267735
5:G447W,-74.42979343,0.026782966,-386.1512542,1.554635316
5:G447V,-74.44278693,0.013789459,-387.3339148,0.371974755
5:N448N,-74.35779592,0,-387.5555343,0
5:N448D,-74.07795992,0.279836006,-386.8941858,0.661348494
5:N448H,-74.09211271,0.265683213,-386.7965168,0.759017469
5:N448I,-74.38299272,-0.025196797,-387.9204977,-0.364963436
5:N448K,-74.15334716,0.204448759,-386.852146,0.703388244
5:N448S,-74.10694444,0.250851477,-387.164138,0.391396259
5:N448T,-74.05896477,0.298831152,-387.7103213,-0.154787085
5:N448Y,-74.15605086,0.201745066,-387.4899062,0.065628085
5:Y449Y,-74.27744549,0,-393.2741864,0
5:Y449N,-74.27800695,-0.00056146,-392.093103,1.181083379
5:Y449D,-74.27988302,-0.002437532,-392.3374149,0.93677151
5:Y449C,-74.27682394,0.000621551,-392.5088997,0.765286647
5:Y449H,-74.27790308,-0.000457595,-392.128059,1.146127368
5:Y449F,-74.27834093,-0.000895438,-392.6945149,0.579671477
5:Y449S,-74.2783742,-0.000928707,-391.790007,1.484179405
5:N450N,-77.31992134,0,-513.4765206,0
5:N450D,-77.31135449,0.008566851,-512.2277904,1.248730182
5:N450H,-77.25945414,0.060467209,-511.9407317,1.535788911
5:N450I,-77.33152205,-0.011600709,-513.1003151,0.376205482
5:N450K,-77.34268397,-0.022762622,-512.6518622,0.824658416
5:N450S,-77.31332887,0.006592476,-512.701726,0.774794628
5:N450T,-77.32633553,-0.006414189,-512.6323899,0.844130655
5:N450Y,-77.32642352,-0.006502178,-513.6684704,-0.191949858
5:Y451Y,-77.22000274,0,-523.8004998,0
5:Y451N,-77.28239257,-0.062389827,-521.1366447,2.663855066
5:Y451D,-77.24140309,-0.021400348,-520.7070894,3.093410441
5:Y451C,-77.25689707,-0.036894329,-521.1826039,2.617895874
5:Y451H,-77.2180445,0.001958235,-521.3165449,2.483954957
5:Y451F,-77.23125967,-0.011256928,-522.8603901,0.940109714
5:Y451S,-77.22486585,-0.004863116,-520.7560644,3.044435422
5:L452L,-77.22831306,0,-523.0419986,0
5:L452R,-77.22814409,0.000168969,-522.0690312,0.972967373
5:L452Q,-77.22951474,-0.001201684,-521.6413892,1.40060935
5:L452H,-77.23012954,-0.001816478,-521.0739182,1.968080399
5:L452I,-77.22992892,-0.00161586,-522.4581018,0.58389671
5:L452M,-77.22904435,-0.000731286,-522.2144311,0.827567497
5:L452F,-77.22881879,-0.000505729,-522.141518,0.900480592
5:L452P,-77.22802721,0.000285854,-520.6919653,2.350033305
5:L452S,-77.22973268,-0.001419617,-520.9899985,2.05200003
5:L452W,-77.22883609,-0.000523033,-521.4622409,1.579757677
5:L452V,-77.22907839,-0.00076533,-522.1286816,0.913316988
5:Y453Y,-77.22488575,0,-516.8865177,0
5:Y453N,-77.22488491,8.34E-07,-514.447179,2.43933873
5:Y453D,-77.22488421,1.54E-06,-514.407403,2.479114717
5:Y453C,-77.22488408,1.67E-06,-515.2719131,1.614604671
5:Y453H,-77.22488558,1.71E-07,-515.2280316,1.658486133
5:Y453F,-77.22488625,-4.98E-07,-516.1542676,0.732250127
5:Y453S,-77.22488405,1.70E-06,-514.8258852,2.060632567
5:R454R,-77.22488505,0,-513.0677162,0
5:R454N,-77.22488275,2.30E-06,-510.6305704,2.437145839
5:R454C,-77.22488207,2.98E-06,-510.5102478,2.55746838
5:R454Q,-77.22488348,1.57E-06,-511.0447161,2.023000122
5:R454G,-77.22488121,3.84E-06,-509.09979,3.967926238
5:R454H,-77.22488371,1.34E-06,-511.5414564,1.526259802
5:R454I,-77.22488394,1.11E-06,-511.8866148,1.181101407
5:R454L,-77.22488398,1.07E-06,-511.4655776,1.60213863
5:R454K,-77.22488459,4.61E-07,-510.902608,2.165108186
5:R454M,-77.22488345,1.60E-06,-511.6729021,1.394814107
5:R454P,-77.22488279,2.26E-06,-509.5186991,3.549017131
5:R454S,-77.22488208,2.97E-06,-510.1243191,2.943397093
5:R454T,-77.22488278,2.27E-06,-510.8404355,2.22728076
5:R454W,-77.22488513,-7.76E-08,-511.349027,1.718689213
5:L455L,-74.27588585,0,-386.0038503,0
5:L455R,-74.2758858,4.62E-08,-383.8906134,2.113236895
5:L455Q,-74.27588587,-2.11E-08,-384.7088842,1.294966107
5:L455H,-74.27588587,-1.95E-08,-384.1505391,1.8533112
5:L455I,-74.27588585,1.73E-09,-385.4751722,0.528678136
5:L455M,-74.27588587,-2.12E-08,-384.3090161,1.694834248
5:L455F,-74.27588584,9.56E-09,-384.6438067,1.360043609
5:L455P,-74.2758859,-4.89E-08,-384.0097563,1.99409399
5:L455S,-74.27588593,-7.81E-08,-384.1791123,1.824737979
5:L455W,-74.2758858,4.72E-08,-384.5534844,1.450365883
5:L455V,-74.27588588,-2.81E-08,-384.969614,1.034236309
5:F456F,-74.27588585,0,-387.9742509,0
5:F456C,-74.27588594,-8.67E-08,-385.7769784,2.197272497
5:F456I,-74.27588586,-9.24E-09,-386.5586848,1.415566163
5:F456L,-74.27588586,-8.91E-09,-386.9365376,1.037713356
5:F456S,-74.27588594,-8.69E-08,-385.3577887,2.616462245
5:F456Y,-74.27588584,9.99E-09,-386.9661638,1.008087089
5:F456V,-74.27588589,-3.80E-08,-386.0161873,1.958063602
5:F464F,-77.21918902,0,-519.625877,0
5:F464C,-77.21866347,0.000525552,-517.4133866,2.212490371
5:F464I,-77.21871444,0.000474582,-518.1495962,1.47628081
5:F464L,-77.21716991,0.002019114,-518.2308515,1.395025442
5:F464S,-77.21911969,6.93E-05,-517.037951,2.587925932
5:F464Y,-77.21916089,2.81E-05,-518.7544509,0.8714261
5:F464V,-77.21870921,0.000479812,-518.0458703,1.580006701
5:E465E,-77.22490121,0,-512.3031058,0
5:E465A,-77.22490312,-1.92E-06,-510.8447398,1.458366013
5:E465D,-77.22490746,-6.25E-06,-510.6811829,1.621922861
5:E465Q,-77.22490163,-4.24E-07,-511.6189087,0.684197071
5:E465G,-77.22490214,-9.32E-07,-510.9175672,1.385538558
5:E465K,-77.22490289,-1.68E-06,-509.939493,2.363612817
5:E465V,-77.22490091,2.92E-07,-510.8228471,1.480258636
5:R466R,-77.2350815,0,-502.9226331,0
5:R466N,-77.23166963,0.003411875,-501.2030087,1.719624353
5:R466C,-77.23441538,0.00066612,-501.141746,1.780887148
5:R466Q,-77.23450225,0.000579251,-501.6418094,1.280823685
5:R466G,-77.23511961,-3.81E-05,-500.6602368,2.262396325
5:R466H,-77.23375492,0.001326578,-500.0717482,2.850884897
5:R466I,-77.23475099,0.000330512,-502.0484354,0.874197682
5:R466L,-77.23564868,-0.000567182,-501.5568409,1.365792161
5:R466K,-77.23793504,-0.002853535,-501.7278275,1.194805595
5:R466M,-77.23541041,-0.000328907,-501.6005263,1.322106783
5:R466P,-77.23429558,0.000785922,-500.756792,2.165841105
5:R466S,-77.23357778,0.001503722,-500.8684482,2.05418494
5:R466T,-77.23245908,0.002622426,-500.7451682,2.177464878
5:R466W,-77.2351138,-3.23E-05,-500.7806485,2.141984649
5:D467D,-77.22490622,0,-511.0562738,0
5:D467A,-77.22490684,-6.24E-07,-510.2045911,0.851682641
5:D467N,-77.22490455,1.66E-06,-509.9443928,1.11188099
5:D467E,-77.22490616,5.91E-08,-510.8690642,0.187209621
5:D467G,-77.22490463,1.59E-06,-509.357149,1.699124807
5:D467H,-77.22490602,1.97E-07,-510.1916468,0.864627007
5:D467Y,-77.22490475,1.46E-06,-510.6509526,0.405321204
5:D467V,-77.22490545,7.65E-07,-511.1050104,-0.048736621
5:I468I,-77.22490487,0,-518.4519134,0
5:I468R,-77.22490711,-2.24E-06,-517.2763428,1.175570564
5:I468N,-77.224901,3.88E-06,-516.8760165,1.575896886
5:I468L,-77.22489694,7.94E-06,-517.6133022,0.838611245
5:I468K,-77.22490658,-1.70E-06,-516.355569,2.096344454
5:I468M,-77.22490333,1.54E-06,-517.3322941,1.119619283
5:I468F,-77.2249001,4.78E-06,-517.0769305,1.374982887
5:I468S,-77.22490747,-2.60E-06,-517.3614178,1.090495598
5:I468T,-77.22490207,2.80E-06,-517.5863034,0.865609988
5:I468V,-77.22490851,-3.63E-06,-517.4829647,0.968948681
5:S469S,-74.27588575,0,-393.2361325,0
5:S469A,-74.27588576,-9.54E-09,-392.6948347,0.541297799
5:S469C,-74.27588575,-5.06E-11,-392.2568623,0.97927023
5:S469L,-74.27588568,7.63E-08,-393.0385722,0.197560304
5:S469F,-74.27588567,8.54E-08,-392.7225665,0.513566029
5:S469P,-74.27588573,2.84E-08,-391.7178867,1.518245802
5:S469T,-74.27588573,2.86E-08,-392.7632492,0.472883288
5:S469W,-74.27588563,1.24E-07,-392.7072075,0.528925076
5:S469Y,-74.27588566,9.52E-08,-392.6967968,0.539335712
5:T470T,-77.22488819,0,-521.2532987,0
5:T470A,-77.22488731,8.83E-07,-520.2830693,0.970229385
5:T470R,-77.22489049,-2.30E-06,-520.664471,0.588827747
5:T470N,-77.2248882,-9.65E-09,-520.0236479,1.229650847
5:T470I,-77.22488932,-1.13E-06,-520.7450082,0.508290519
5:T470K,-77.22488996,-1.76E-06,-520.3577765,0.895522272
5:T470M,-77.22488885,-6.59E-07,-520.3530546,0.900244078
5:T470P,-77.22488818,1.26E-08,-519.8505168,1.402781942
5:T470S,-77.2248875,6.85E-07,-520.2678418,0.985456939
5:E471E,-74.27588567,0,-387.3860734,0
5:E471A,-74.27588572,-4.75E-08,-387.3982088,-0.012135361
5:E471D,-74.2758857,-2.85E-08,-387.3467831,0.039290334
5:E471Q,-74.27588565,1.89E-08,-386.8449855,0.541087914
5:E471G,-74.27588574,-7.62E-08,-387.3446123,0.041461093
5:E471K,-74.2758856,6.62E-08,-387.2084778,0.177595649
5:E471V,-74.27588566,9.48E-09,-387.6525826,-0.266509185
5:I472I,-74.27588568,0,-393.0348299,0
5:I472R,-74.27588563,4.74E-08,-391.3062217,1.728608258
5:I472N,-74.27588573,-4.76E-08,-391.3943814,1.640448518
5:I472L,-74.27588568,2.58E-11,-391.9943842,1.040445735
5:I472K,-74.27588565,2.84E-08,-390.0164772,3.018352747
5:I472M,-74.2758857,-1.90E-08,-391.2925792,1.74225067
5:I472F,-74.27588567,9.51E-09,-391.9173671,1.117462767
5:I472S,-74.27588575,-7.62E-08,-391.6261986,1.408631269
5:I472T,-74.27588573,-4.76E-08,-391.5860946,1.448735353
5:I472V,-74.27588571,-2.85E-08,-392.0384963,0.99633357
5:Y473Y,-74.2758856,0,-393.2436955,0
5:Y473N,-74.27588567,-6.62E-08,-391.2414533,2.002242162
5:Y473D,-74.27588569,-8.52E-08,-391.6906367,1.553058758
5:Y473C,-74.2758857,-9.46E-08,-391.6557038,1.587991673
5:Y473H,-74.27588564,-3.78E-08,-391.6777222,1.565973269
5:Y473F,-74.27588561,-9.38E-09,-392.5583184,0.685377039
5:Y473S,-74.2758857,-9.47E-08,-391.6534992,1.590196276
6:Y489Y,-74.27588576,0,-376.3353224,0
6:Y489N,-74.27588583,-6.72E-08,-375.5729513,0.762371171
6:Y489D,-74.27588585,-8.65E-08,-375.7353045,0.600017899
6:Y489C,-74.27588586,-9.62E-08,-375.8786958,0.456626677
6:Y489H,-74.2758858,-3.83E-08,-374.9330841,1.402238385
6:Y489F,-74.27588577,-9.55E-09,-375.5845041,0.750818363
6:Y489S,-74.27588586,-9.59E-08,-376.0912221,0.244100371
6:F490F,-74.27588581,0,-388.1636056,0
6:F490C,-74.2758859,-8.73E-08,-386.4004404,1.763165258
6:F490I,-74.27588582,-9.71E-09,-386.8539449,1.309660696
6:F490L,-74.27588582,-9.79E-09,-386.6472169,1.516388684
6:F490S,-74.2758859,-8.69E-08,-386.352952,1.810653615
6:F490Y,-74.2758858,9.33E-09,-385.9349741,2.228631507
6:F490V,-74.27588585,-3.85E-08,-387.0069276,1.156677979
6:P491P,-74.27588567,0,-396.5391168,0
6:P491A,-74.2758857,-3.73E-08,-395.3804685,1.158648236
6:P491R,-74.27588557,9.80E-08,-398.1507333,-1.611616574
6:P491Q,-74.27588563,3.20E-08,-396.5135955,0.025521234
6:P491H,-74.27588564,3.12E-08,-394.4977263,2.041390488
6:P491L,-74.27588562,5.08E-08,-396.7023039,-0.163187175
6:P491S,-74.27588569,-2.66E-08,-395.3354598,1.203656939
6:P491T,-74.27588567,-2.70E-10,-395.9975799,0.541536905
6:L492L,-77.22488388,0,-515.170104,0
6:L492R,-77.22488503,-1.15E-06,-513.5596619,1.610442174
6:L492Q,-77.22488342,4.54E-07,-513.4806348,1.689469265
6:L492H,-77.22488342,4.55E-07,-513.918367,1.251737008
6:L492I,-77.22488384,3.50E-08,-514.3405003,0.82960369
6:L492M,-77.22488344,4.39E-07,-513.86231,1.307794008
6:L492F,-77.22488402,-1.37E-07,-513.1103562,2.059747792
6:L492P,-77.22488266,1.22E-06,-512.8942269,2.275877158
6:L492S,-77.22488195,1.93E-06,-512.5473777,2.622726322
6:L492W,-77.22488497,-1.09E-06,-512.8485873,2.321516746
6:L492V,-77.22488316,7.17E-07,-513.9294686,1.240635443
6:R493R,-74.27588591,0,-373.8795256,0
6:R493N,-74.275886,-9.01E-08,-372.605406,1.274119556
6:R493C,-74.27588603,-1.25E-07,-372.6277657,1.251759874
6:R493Q,-74.27588597,-6.85E-08,-372.5009235,1.378602102
6:R493G,-74.27588606,-1.53E-07,-372.0637175,1.815808067
6:R493H,-74.27588596,-5.87E-08,-372.9476587,0.931866897
6:R493I,-74.27588595,-4.13E-08,-373.2305555,0.648970093
6:R493L,-74.27588593,-2.11E-08,-373.1286989,0.750826699
6:R493K,-74.27588595,-4.86E-08,-372.4630739,1.416451679
6:R493M,-74.27588598,-7.30E-08,-372.8588071,1.020718435
6:R493P,-74.27588601,-1.09E-07,-372.9775499,0.901975686
6:R493S,-74.27588601,-1.05E-07,-372.4571158,1.422409764
6:R493T,-74.275886,-9.82E-08,-372.9715735,0.907952031
6:R493W,-74.27588592,-1.27E-08,-373.0079638,0.871561806
6:S494S,-74.27702735,0,-386.5584391,0
6:S494A,-74.27712174,-9.44E-05,-386.1109868,0.4474523
6:S494C,-74.27693265,9.47E-05,-386.1474868,0.410952319
6:S494L,-74.27869638,-0.001669025,-386.5540056,0.004433448
6:S494F,-74.27678753,0.000239823,-386.3756034,0.182835649
6:S494P,-74.2770314,-4.05E-06,-385.5927894,0.965649657
6:S494T,-74.27680999,0.000217359,-386.1806103,0.377828813
6:S494W,-74.27984382,-0.002816473,-385.5247894,1.033649699
6:S494Y,-74.2767307,0.000296654,-386.3169,0.241539063
6:Y495Y,-77.22660496,0,-517.652501,0
6:Y495N,-77.22569121,0.00091375,-515.8787897,1.773711288
6:Y495D,-77.22777089,-0.001165929,-515.1602157,2.492285258
6:Y495C,-77.2260172,0.000587756,-515.3075449,2.34495606
6:Y495H,-77.22620751,0.000397444,-516.5421803,1.110320713
6:Y495F,-77.22865693,-0.002051977,-517.2392661,0.413234839
6:Y495S,-77.22587367,0.000731283,-515.3347306,2.317770326
6:S496S,-74.27513925,0,-386.5332933,0
6:S496A,-74.27545319,-0.000313943,-386.5045797,0.028713639
6:S496C,-74.27512621,1.30E-05,-386.3705448,0.16274854
6:S496L,-74.27506503,7.42E-05,-386.7435501,-0.210256836
6:S496F,-74.27516773,-2.85E-05,-386.6633087,-0.130015357
6:S496P,-74.2755595,-0.000420255,-385.7215389,0.81175439
6:S496T,-74.27523031,-9.11E-05,-386.4670083,0.066284998
6:S496W,-74.27500801,0.000131235,-386.3999682,0.133325072
6:S496Y,-74.27544117,-0.000301921,-386.5678999,-0.034606633
6:F497F,-74.3996077,0,-391.5453771,0
6:F497C,-74.39785549,0.00175221,-388.1525567,3.39282037
6:F497I,-74.10161582,0.29799188,-389.3546751,2.190701971
6:F497L,-74.40057469,-0.000966992,-389.4937897,2.051587426
6:F497S,-74.40944563,-0.009837932,-388.9105194,2.634857712
6:F497Y,-74.30695374,0.092653958,-390.5098734,1.035503724
6:F497V,-74.09244896,0.307158745,-389.0385346,2.50684247
6:R498R,-74.19306319,0,-381.1746471,0
6:R498N,-74.18711437,0.005948824,-380.1816721,0.992974996
6:R498C,-74.16601332,0.027049877,-380.4108991,0.763747989
6:R498Q,-74.18604616,0.007017028,-380.4091675,0.76547953
6:R498G,-74.17865687,0.014406323,-379.4830002,1.691646806
6:R498H,-74.17714848,0.015914717,-380.2280037,0.946643332
6:R498I,-74.18462395,0.008439239,-381.1050228,0.069624298
6:R498L,-74.17827254,0.014790653,-381.1235209,0.051126161
6:R498K,-74.18802157,0.005041627,-380.3670603,0.807586758
6:R498M,-74.17185436,0.02120883,-380.7063863,0.468260786
6:R498P,-74.17848492,0.014578274,-379.9103071,1.264340003
6:R498S,-74.16518094,0.027882256,-380.3566816,0.817965424
6:R498T,-74.17457985,0.018483341,-380.5012681,0.673378911
6:R498W,-74.1894427,0.00362049,-380.5961399,0.578507129
6:P499P,-74.27540951,0,-390.6946864,0
6:P499A,-74.72477088,-0.449361369,-389.6230041,1.071682278
6:P499R,-74.51370676,-0.238297253,-390.9440647,-0.249378341
6:P499Q,-74.74331812,-0.46790861,-389.8976458,0.797040554
6:P499H,-74.32352535,-0.04811584,-389.88833,0.806356433
6:P499L,-74.64900812,-0.373598615,-390.6619085,0.03277794
6:P499S,-74.63429603,-0.358886518,-389.4773389,1.217347457
6:P499T,-74.72481548,-0.44940597,-389.901986,0.792700369
6:V503V,-74.27587068,0,-384.6277065,0
6:V503A,-74.27586894,1.74E-06,-383.8537222,0.773984315
6:V503D,-74.27584674,2.39E-05,-384.0505628,0.577143752
6:V503E,-74.27585372,1.70E-05,-383.9618462,0.665860351
6:V503G,-74.27586973,9.54E-07,-383.8317836,0.795922961
6:V503I,-74.27586913,1.55E-06,-383.7707557,0.856950889
6:V503L,-74.27586977,9.10E-07,-383.9493717,0.678334871
6:V503M,-74.27586965,1.03E-06,-383.3839266,1.24377997
6:V503F,-74.27587073,-5.08E-08,-383.4896223,1.138084202
6:G504G,-74.27588424,0,-385.9020389,0
6:G504A,-74.27588434,-9.88E-08,-385.7999928,0.102046156
6:G504R,-74.27588408,1.63E-07,-385.6267244,0.275314557
6:G504D,-74.27588232,1.92E-06,-385.3938658,0.508173096
6:G504C,-74.27588435,-1.04E-07,-385.5888888,0.313150144
6:G504E,-74.27588256,1.69E-06,-385.0300012,0.872037724
6:G504S,-74.27588424,4.80E-09,-385.5827108,0.319328083
6:G504W,-74.27588465,-4.03E-07,-385.5167233,0.385315629
6:G504V,-74.27588445,-2.10E-07,-385.8708494,0.031189495
6:H505H,-74.27590005,0,-385.1721911,0
6:H505R,-74.27590012,-6.41E-08,-384.5344153,0.6377758
6:H505N,-74.27590006,-2.63E-09,-384.7957119,0.376479163
6:H505D,-74.2759005,-4.44E-07,-384.8104083,0.3617828
6:H505Q,-74.27589978,2.71E-07,-384.7822065,0.389984554
6:H505L,-74.27589978,2.70E-07,-385.7109647,-0.538773608
6:H505P,-74.27589174,8.31E-06,-385.281151,-0.108959936
6:H505Y,-74.27589851,1.54E-06,-384.8929566,0.279234521
6:Q506Q,-74.27454732,0,-383.1664542,0
6:Q506R,-74.27544697,-0.000899646,-381.5887712,1.577683039
6:Q506E,-74.27608824,-0.001540915,-382.0938256,1.072628551
6:Q506H,-74.27419341,0.000353912,-382.034224,1.132230209
6:Q506L,-74.27449105,5.63E-05,-383.3472544,-0.18080018
6:Q506K,-74.27476067,-0.000213349,-381.5093228,1.657131345
6:Q506P,-74.27411481,0.000432518,-381.7167502,1.449704005
6:P507P,-74.23495006,0,-390.7997668,0
6:P507A,-74.23298362,0.001966441,-389.5931829,1.206583855
6:P507R,-74.22344215,0.011507905,-388.1391925,2.660574259
6:P507Q,-74.23195271,0.002997346,-388.8282471,1.971519735
6:P507H,-74.25761346,-0.022663407,-388.8638101,1.935956687
6:P507L,-74.24260288,-0.007652823,-389.9992358,0.800530999
6:P507S,-74.23157954,0.003370517,-389.5390907,1.260676066
6:P507T,-74.21882992,0.01612014,-389.7344369,1.065329845
6:Y508Y,-74.30811894,0,-389.4704987,0
6:Y508N,-74.31106922,-0.002950287,-386.9785542,2.491944511
6:Y508D,-74.27017983,0.037939111,-386.7558512,2.714647444
6:Y508C,-74.29809349,0.010025445,-387.2059323,2.264566357
6:Y508H,-74.25784386,0.050275082,-387.8415008,1.628997898
6:Y508F,-74.30950601,-0.001387068,-388.9603372,0.510161436
6:Y508S,-74.32144375,-0.013324811,-386.9491863,2.521312332
6:R509R,-76.12989784,0,-507.1403912,0
6:R509N,-75.88581841,0.244079433,-503.8977208,3.242670416
6:R509C,-75.89185701,0.238040831,-504.0450246,3.095366622
6:R509Q,-76.21157955,-0.081681708,-503.8446102,3.295781052
6:R509G,-76.26283244,-0.132934598,-502.6378929,4.502498279
6:R509H,-76.23241502,-0.102517181,-504.1087242,3.031667001
6:R509I,-75.91684319,0.213054651,-504.8921835,2.248207728
6:R509L,-76.40360954,-0.273711696,-505.0114144,2.12897682
6:R509K,-75.11135799,1.018539855,-505.4157485,1.724642752
6:R509M,-76.25119981,-0.121301972,-504.4227361,2.717655156
6:R509P,-76.147645,-0.017747154,-503.7697018,3.37068937
6:R509S,-76.18504241,-0.055144564,-503.5535421,3.586849117
6:R509T,-75.98508156,0.144816286,-504.3096521,2.830739155
6:R509W,-76.25996227,-0.130064429,-506.0121371,1.12825415
6:V510V,-77.30443743,0,-516.239707,0
6:V510A,-77.3103003,-0.005862875,-514.2732713,1.966435711
6:V510D,-77.31216126,-0.00772383,-514.1272753,2.112431718
6:V510E,-77.35101035,-0.046572927,-513.8232186,2.416488408
6:V510G,-77.29101961,0.013417819,-513.165053,3.074654073
6:V510I,-77.3237202,-0.019282777,-516.0268988,0.212808242
6:V510L,-77.34871316,-0.044275737,-515.4412345,0.798472494
6:V510M,-77.28832233,0.016115098,-515.4626992,0.777007787
6:V510F,-77.36946175,-0.065024325,-515.6141704,0.625536592
6:V511V,-77.61170486,0,-515.6877209,0
6:V511A,-77.63479454,-0.023089684,-513.6182668,2.069454186
6:V511D,-77.54645407,0.065250786,-513.9252574,1.762463512
6:V511E,-77.51633563,0.095369225,-513.7730709,1.914650064
6:V511G,-77.61872185,-0.007016989,-512.562576,3.125144976
6:V511I,-77.72029117,-0.108586313,-515.252241,0.435479897
6:V511L,-77.18818926,0.423515602,-513.4014259,2.286295079
6:V511M,-77.16485115,0.446853705,-513.1156054,2.572115515
6:V511F,-77.48216548,0.129539376,-513.4800205,2.207700447
6:V512V,-74.27552223,0,-387.7593826,0
6:V512A,-74.27479118,0.000731053,-385.7255416,2.033841023
6:V512D,-74.28105648,-0.005534248,-385.4617974,2.297585238
6:V512E,-74.28949837,-0.013976139,-385.0146703,2.744712278
6:V512G,-74.27583521,-0.000312972,-384.7848941,2.974488548
6:V512I,-74.28726594,-0.011743704,-386.810739,0.948643626
6:V512L,-74.27569927,-0.000177038,-387.3345331,0.424849503
6:V512M,-74.2751829,0.000339333,-386.9071897,0.85219292
6:V512F,-74.28151902,-0.005996783,-386.3662822,1.393100426
6:L513L,-77.86177341,0,-522.6823267,0
6:L513R,-78.4597725,-0.59799909,-520.8443548,1.837971929
6:L513Q,-77.88228263,-0.020509221,-520.8216536,1.860673146
6:L513H,-77.78232297,0.079450433,-520.6512612,2.031065476
6:L513I,-77.82733074,0.034442666,-521.8137409,0.86858585
6:L513M,-77.77249286,0.08928055,-521.4561032,1.226223463
6:L513F,-78.28697181,-0.425198403,-521.3234902,1.358836558
6:L513P,-77.9051847,-0.043411294,-520.0442955,2.638031231
6:L513S,-77.84624266,0.015530748,-519.4251203,3.25720639
6:L513W,-78.66765538,-0.80588197,-521.125654,1.556672667
6:L513V,-77.86260485,-0.000831439,-521.1948809,1.48744579
6:S514S,-77.22216527,0,-525.5260543,0
6:S514A,-77.22288194,-0.000716663,-525.0893997,0.436654641
6:S514C,-77.22283905,-0.000673774,-525.2289266,0.297127769
6:S514L,-77.22547238,-0.003307102,-525.9266561,-0.400601827
6:S514F,-77.2252819,-0.003116626,-526.5756439,-1.049589612
6:S514P,-77.21494419,0.007221085,-525.0315545,0.494499776
6:S514T,-77.22194788,0.000217397,-525.4361919,0.089862423
6:S514W,-77.2245522,-0.002386931,-526.2755262,-0.749471924
6:S514Y,-77.22336685,-0.001201574,-525.8367424,-0.310688045
6:F515F,-77.21641234,0,-529.3851798,0
6:F515C,-77.21647855,-6.62E-05,-526.8267738,2.55840607
6:F515I,-77.21658824,-0.000175898,-528.2473584,1.137821469
6:F515L,-77.21652921,-0.000116865,-528.4093485,0.97583138
6:F515S,-77.21650922,-9.69E-05,-526.346979,3.038200803
6:F515Y,-77.2167587,-0.000346362,-528.4457145,0.939465318
6:F515V,-77.21691185,-0.000499511,-527.6554245,1.729755297
6:E516E,-74.2738615,0,-391.3203478,0
6:E516A,-74.27403794,-0.000176443,-390.2023139,1.118033933
6:E516D,-74.27382879,3.27E-05,-390.4150895,0.905258284
6:E516Q,-74.27694773,-0.003086237,-390.4923717,0.827976141
6:E516G,-74.27480243,-0.000940933,-389.5131186,1.807229181
6:E516K,-74.27401318,-0.000151686,-389.9143218,1.406025979
6:E516V,-74.27696809,-0.003106592,-391.1452015,0.175146279
6:L517L,-74.27588413,0,-387.6262431,0
6:L517R,-74.27588449,-3.65E-07,-386.6620778,0.964165299
6:L517Q,-74.27588411,1.42E-08,-385.7811554,1.845087746
6:L517H,-74.27588427,-1.43E-07,-386.2198371,1.406405967
6:L517I,-74.27588409,3.58E-08,-386.8107468,0.815496309
6:L517M,-74.275884,1.31E-07,-386.7737372,0.85250596
6:L517F,-74.27588406,7.13E-08,-387.2953129,0.330930247
6:L517P,-74.27588413,-6.59E-09,-385.4688877,2.157355367
6:L517S,-74.27588405,7.38E-08,-385.6988191,1.92742399
6:L517W,-74.27588405,8.16E-08,-386.2789105,1.347332646
6:L517V,-74.27588416,-3.39E-08,-386.511156,1.115087084
6:L518L,-74.27588451,0,-389.3126857,0
6:L518R,-74.27588493,-4.27E-07,-387.8598136,1.452872064
6:L518Q,-74.2758847,-1.92E-07,-387.6918376,1.620848032
6:L518H,-74.27588478,-2.72E-07,-387.3648873,1.947798349
6:L518I,-74.27588449,1.91E-08,-388.5787588,0.733926842
6:L518M,-74.2758853,-7.94E-07,-387.7579594,1.554726219
6:L518F,-74.2758857,-1.20E-06,-387.8315862,1.48109947
6:L518P,-74.27588583,-1.32E-06,-387.6218418,1.690843886
6:L518S,-74.27588564,-1.13E-06,-387.5969465,1.715739191
6:L518W,-74.27588472,-2.18E-07,-388.099227,1.213458619
6:L518V,-74.27588455,-4.84E-08,-388.6608195,0.651866125
6:A520A,-74.27588573,0,-388.2421976,0
6:A520D,-74.27588573,-8.42E-09,-387.2126955,1.029502108
6:A520E,-74.2758858,-7.11E-08,-387.1907771,1.051420467
6:A520G,-74.27588574,-1.25E-08,-386.94207,1.300127662
6:A520P,-74.27588551,2.17E-07,-387.030386,1.211811648
6:A520S,-74.27588571,1.71E-08,-387.2783501,0.963847564
6:A520T,-74.27588548,2.48E-07,-387.9683692,0.2738284
6:A520V,-74.27588525,4.72E-07,-387.4080623,0.834135293
6:P521P,-74.27549977,0,-385.9398121,0
6:P521A,-74.27551274,-1.30E-05,-385.9931883,-0.053376174
6:P521R,-74.27530748,0.000192295,-385.7965881,0.14322398
6:P521Q,-74.27531037,0.000189402,-385.6195052,0.320306898
6:P521H,-74.27562445,-0.000124678,-384.9128776,1.026934485
6:P521L,-74.27550452,-4.75E-06,-385.964826,-0.025013906
6:P521S,-74.27542667,7.31E-05,-385.8773256,0.062486522
6:P521T,-74.2753942,0.000105571,-385.7190965,0.220715642
6:A522A,-74.27362413,0,-388.1622614,0
6:A522D,-74.27561283,-0.0019887,-386.8706475,1.291613826
6:A522E,-74.27537236,-0.001748233,-386.628032,1.534229331
6:A522G,-74.27360476,1.94E-05,-386.9673323,1.194929112
6:A522P,-74.27347803,0.000146099,-386.980496,1.181765402
6:A522S,-74.27348629,0.000137846,-387.1184725,1.043788905
6:A522T,-74.27560123,-0.001977099,-387.3630039,0.799257504
6:A522V,-74.27302546,0.000598672,-387.9963876,0.165873715
6:T523T,-77.55873078,0,-521.7417967,0
6:T523A,-77.55182462,0.006906156,-521.0655143,0.676282447
6:T523R,-77.71784853,-0.159117746,-521.3583642,0.383432548
6:T523N,-77.4357302,0.123000575,-520.8529377,0.888859038
6:T523I,-77.67855366,-0.119822877,-521.4267466,0.31505015
6:T523K,-77.52966434,0.029066441,-520.0673136,1.674483148
6:T523M,-77.44571371,0.113017066,-521.1197767,0.622020044
6:T523P,-77.5071673,0.051563478,-521.0449686,0.696828148
6:T523S,-77.52060756,0.03812322,-520.8677535,0.874043256
6:V524V,-77.43388373,0,-525.6753346,0
6:V524A,-77.35892006,0.074963678,-523.6497778,2.025556891
6:V524D,-77.23061406,0.203269677,-523.4375913,2.2377433
6:V524E,-77.30888628,0.124997449,-523.608217,2.067117604
6:V524G,-77.38723996,0.046643778,-522.6339536,3.041381043
6:V524I,-77.34588996,0.087993775,-524.5888426,1.086492082
6:V524L,-77.38817921,0.045704524,-524.9772395,0.698095121
6:V524M,-77.39381214,0.040071591,-524.6589599,1.016374719
6:V524F,-77.53293207,-0.099048334,-520.8846893,4.790645364
6:C525C,-77.26342315,0,-516.7975217,0
6:C525R,-77.26837246,-0.00494931,-512.280132,4.517389765
6:C525G,-77.26540844,-0.001985295,-511.9504789,4.847042806
6:C525F,-77.27257639,-0.009153241,-512.5324156,4.265106175
6:C525S,-77.28795642,-0.02453327,-512.4130667,4.384455084
6:C525W,-77.26865532,-0.005232172,-512.9629937,3.834528003
6:C525Y,-77.27602208,-0.012598931,-512.4241851,4.373336649
6:G526G,-77.22788313,0,-517.8146325,0
6:G526A,-77.21106007,0.016823061,-517.2368061,0.577826425
6:G526R,-77.2145356,0.013347537,-518.5616619,-0.747029349
6:G526D,-77.2822234,-0.054340266,-517.6176366,0.196995958
6:G526C,-77.24947995,-0.02159682,-517.0278317,0.786800831
6:G526E,-77.31723907,-0.089355935,-516.5881864,1.226446098
6:G526S,-77.24071518,-0.012832044,-517.0377832,0.776849316
6:G526W,-77.23990464,-0.012021509,-519.2208939,-1.406261339
6:G526V,-77.25089094,-0.023007803,-517.8403654,-0.02573292
